{"assets/icons_svg/add.svg":["assets/icons_svg/add.svg"],"assets/icons_svg/add_grey.svg":["assets/icons_svg/add_grey.svg"],"assets/icons_svg/add_icon.svg":["assets/icons_svg/add_icon.svg"],"assets/icons_svg/add_small.svg":["assets/icons_svg/add_small.svg"],"assets/icons_svg/add_yellow.svg":["assets/icons_svg/add_yellow.svg"],"assets/icons_svg/apple.svg":["assets/icons_svg/apple.svg"],"assets/icons_svg/archive.svg":["assets/icons_svg/archive.svg"],"assets/icons_svg/auth1.svg":["assets/icons_svg/auth1.svg"],"assets/icons_svg/back.svg":["assets/icons_svg/back.svg"],"assets/icons_svg/cal.svg":["assets/icons_svg/cal.svg"],"assets/icons_svg/calDark.svg":["assets/icons_svg/calDark.svg"],"assets/icons_svg/calen.svg":["assets/icons_svg/calen.svg"],"assets/icons_svg/calendar.svg":["assets/icons_svg/calendar.svg"],"assets/icons_svg/calendar_bg.svg":["assets/icons_svg/calendar_bg.svg"],"assets/icons_svg/calendar_dark.svg":["assets/icons_svg/calendar_dark.svg"],"assets/icons_svg/call.svg":["assets/icons_svg/call.svg"],"assets/icons_svg/camera.svg":["assets/icons_svg/camera.svg"],"assets/icons_svg/canceled.svg":["assets/icons_svg/canceled.svg"],"assets/icons_svg/change.svg":["assets/icons_svg/change.svg"],"assets/icons_svg/change_password.svg":["assets/icons_svg/change_password.svg"],"assets/icons_svg/chat.svg":["assets/icons_svg/chat.svg"],"assets/icons_svg/cheked.svg":["assets/icons_svg/cheked.svg"],"assets/icons_svg/clip.svg":["assets/icons_svg/clip.svg"],"assets/icons_svg/companies.svg":["assets/icons_svg/companies.svg"],"assets/icons_svg/completed.svg":["assets/icons_svg/completed.svg"],"assets/icons_svg/contacts.svg":["assets/icons_svg/contacts.svg"],"assets/icons_svg/delete.svg":["assets/icons_svg/delete.svg"],"assets/icons_svg/delete_circle.svg":["assets/icons_svg/delete_circle.svg"],"assets/icons_svg/done.svg":["assets/icons_svg/done.svg"],"assets/icons_svg/dot.svg":["assets/icons_svg/dot.svg"],"assets/icons_svg/dottt.svg":["assets/icons_svg/dottt.svg"],"assets/icons_svg/drawer.svg":["assets/icons_svg/drawer.svg"],"assets/icons_svg/edit.svg":["assets/icons_svg/edit.svg"],"assets/icons_svg/editable.svg":["assets/icons_svg/editable.svg"],"assets/icons_svg/edits.svg":["assets/icons_svg/edits.svg"],"assets/icons_svg/empty.svg":["assets/icons_svg/empty.svg"],"assets/icons_svg/eye.svg":["assets/icons_svg/eye.svg"],"assets/icons_svg/facebook.svg":["assets/icons_svg/facebook.svg"],"assets/icons_svg/google.svg":["assets/icons_svg/google.svg"],"assets/icons_svg/home.svg":["assets/icons_svg/home.svg"],"assets/icons_svg/home_active.svg":["assets/icons_svg/home_active.svg"],"assets/icons_svg/image.svg":["assets/icons_svg/image.svg"],"assets/icons_svg/in_progress.svg":["assets/icons_svg/in_progress.svg"],"assets/icons_svg/mainDrawer.svg":["assets/icons_svg/mainDrawer.svg"],"assets/icons_svg/menu_icon.svg":["assets/icons_svg/menu_icon.svg"],"assets/icons_svg/mess.svg":["assets/icons_svg/mess.svg"],"assets/icons_svg/messages.svg":["assets/icons_svg/messages.svg"],"assets/icons_svg/microphone.svg":["assets/icons_svg/microphone.svg"],"assets/icons_svg/next.svg":["assets/icons_svg/next.svg"],"assets/icons_svg/notes.svg":["assets/icons_svg/notes.svg"],"assets/icons_svg/notification.svg":["assets/icons_svg/notification.svg"],"assets/icons_svg/notification_active.svg":["assets/icons_svg/notification_active.svg"],"assets/icons_svg/phone.svg":["assets/icons_svg/phone.svg"],"assets/icons_svg/plus.svg":["assets/icons_svg/plus.svg"],"assets/icons_svg/portfolio.svg":["assets/icons_svg/portfolio.svg"],"assets/icons_svg/portfolio_dark.svg":["assets/icons_svg/portfolio_dark.svg"],"assets/icons_svg/privacy_policy.svg":["assets/icons_svg/privacy_policy.svg"],"assets/icons_svg/profile.svg":["assets/icons_svg/profile.svg"],"assets/icons_svg/profile_active.svg":["assets/icons_svg/profile_active.svg"],"assets/icons_svg/profile_contacts.svg":["assets/icons_svg/profile_contacts.svg"],"assets/icons_svg/profile_contacts_dark.svg":["assets/icons_svg/profile_contacts_dark.svg"],"assets/icons_svg/profile_notes.svg":["assets/icons_svg/profile_notes.svg"],"assets/icons_svg/profile_notes_dark.svg":["assets/icons_svg/profile_notes_dark.svg"],"assets/icons_svg/profile_tasks.svg":["assets/icons_svg/profile_tasks.svg"],"assets/icons_svg/projects.svg":["assets/icons_svg/projects.svg"],"assets/icons_svg/projects_active.svg":["assets/icons_svg/projects_active.svg"],"assets/icons_svg/received.svg":["assets/icons_svg/received.svg"],"assets/icons_svg/retime.svg":["assets/icons_svg/retime.svg"],"assets/icons_svg/search.svg":["assets/icons_svg/search.svg"],"assets/icons_svg/search_history.svg":["assets/icons_svg/search_history.svg"],"assets/icons_svg/send.svg":["assets/icons_svg/send.svg"],"assets/icons_svg/send_lead_message.svg":["assets/icons_svg/send_lead_message.svg"],"assets/icons_svg/settings.svg":["assets/icons_svg/settings.svg"],"assets/icons_svg/share.svg":["assets/icons_svg/share.svg"],"assets/icons_svg/share_note.svg":["assets/icons_svg/share_note.svg"],"assets/icons_svg/smile.svg":["assets/icons_svg/smile.svg"],"assets/icons_svg/tasks.svg":["assets/icons_svg/tasks.svg"],"assets/icons_svg/tasks_active.svg":["assets/icons_svg/tasks_active.svg"],"assets/icons_svg/tasks_dark.svg":["assets/icons_svg/tasks_dark.svg"],"assets/icons_svg/team.svg":["assets/icons_svg/team.svg"],"assets/icons_svg/team_dark.svg":["assets/icons_svg/team_dark.svg"],"assets/icons_svg/text.svg":["assets/icons_svg/text.svg"],"assets/icons_svg/time.svg":["assets/icons_svg/time.svg"],"assets/icons_svg/tire.svg":["assets/icons_svg/tire.svg"],"assets/icons_svg/up_icon.svg":["assets/icons_svg/up_icon.svg"],"assets/icons_svg/vect.svg":["assets/icons_svg/vect.svg"],"assets/icons_svg/vector.svg":["assets/icons_svg/vector.svg"],"assets/icons_svg/yandex.svg":["assets/icons_svg/yandex.svg"],"assets/json_animations/preload.json":["assets/json_animations/preload.json"],"assets/json_animations/swipe.json":["assets/json_animations/swipe.json"],"assets/locales/en.json":["assets/locales/en.json"],"assets/locales/ru.json":["assets/locales/ru.json"],"assets/png/auth1.png":["assets/png/auth1.png"],"assets/png/auth2.png":["assets/png/auth2.png"],"assets/png/auth3.png":["assets/png/auth3.png"],"assets/png/default_logo.png":["assets/png/default_logo.png"],"assets/png/ellipse.png":["assets/png/ellipse.png"],"assets/png/empty.png":["assets/png/empty.png"],"assets/png/english.png":["assets/png/english.png"],"assets/png/logo_dark.png":["assets/png/logo_dark.png"],"assets/png/logo_light.png":["assets/png/logo_light.png"],"assets/png/no_data.png":["assets/png/no_data.png"],"assets/png/no_user.png":["assets/png/no_user.png"],"assets/png/russia.png":["assets/png/russia.png"],"packages/cupertino_icons/assets/CupertinoIcons.ttf":["packages/cupertino_icons/assets/CupertinoIcons.ttf"],"packages/day_night_time_picker/assets/moon.png":["packages/day_night_time_picker/assets/moon.png"],"packages/day_night_time_picker/assets/sun.png":["packages/day_night_time_picker/assets/sun.png"],"packages/intl_phone_number_input/assets/flags/ad.png":["packages/intl_phone_number_input/assets/flags/ad.png"],"packages/intl_phone_number_input/assets/flags/ae.png":["packages/intl_phone_number_input/assets/flags/ae.png"],"packages/intl_phone_number_input/assets/flags/af.png":["packages/intl_phone_number_input/assets/flags/af.png"],"packages/intl_phone_number_input/assets/flags/ag.png":["packages/intl_phone_number_input/assets/flags/ag.png"],"packages/intl_phone_number_input/assets/flags/ai.png":["packages/intl_phone_number_input/assets/flags/ai.png"],"packages/intl_phone_number_input/assets/flags/al.png":["packages/intl_phone_number_input/assets/flags/al.png"],"packages/intl_phone_number_input/assets/flags/am.png":["packages/intl_phone_number_input/assets/flags/am.png"],"packages/intl_phone_number_input/assets/flags/an.png":["packages/intl_phone_number_input/assets/flags/an.png"],"packages/intl_phone_number_input/assets/flags/ao.png":["packages/intl_phone_number_input/assets/flags/ao.png"],"packages/intl_phone_number_input/assets/flags/aq.png":["packages/intl_phone_number_input/assets/flags/aq.png"],"packages/intl_phone_number_input/assets/flags/ar.png":["packages/intl_phone_number_input/assets/flags/ar.png"],"packages/intl_phone_number_input/assets/flags/as.png":["packages/intl_phone_number_input/assets/flags/as.png"],"packages/intl_phone_number_input/assets/flags/at.png":["packages/intl_phone_number_input/assets/flags/at.png"],"packages/intl_phone_number_input/assets/flags/au.png":["packages/intl_phone_number_input/assets/flags/au.png"],"packages/intl_phone_number_input/assets/flags/aw.png":["packages/intl_phone_number_input/assets/flags/aw.png"],"packages/intl_phone_number_input/assets/flags/ax.png":["packages/intl_phone_number_input/assets/flags/ax.png"],"packages/intl_phone_number_input/assets/flags/az.png":["packages/intl_phone_number_input/assets/flags/az.png"],"packages/intl_phone_number_input/assets/flags/ba.png":["packages/intl_phone_number_input/assets/flags/ba.png"],"packages/intl_phone_number_input/assets/flags/bb.png":["packages/intl_phone_number_input/assets/flags/bb.png"],"packages/intl_phone_number_input/assets/flags/bd.png":["packages/intl_phone_number_input/assets/flags/bd.png"],"packages/intl_phone_number_input/assets/flags/be.png":["packages/intl_phone_number_input/assets/flags/be.png"],"packages/intl_phone_number_input/assets/flags/bf.png":["packages/intl_phone_number_input/assets/flags/bf.png"],"packages/intl_phone_number_input/assets/flags/bg.png":["packages/intl_phone_number_input/assets/flags/bg.png"],"packages/intl_phone_number_input/assets/flags/bh.png":["packages/intl_phone_number_input/assets/flags/bh.png"],"packages/intl_phone_number_input/assets/flags/bi.png":["packages/intl_phone_number_input/assets/flags/bi.png"],"packages/intl_phone_number_input/assets/flags/bj.png":["packages/intl_phone_number_input/assets/flags/bj.png"],"packages/intl_phone_number_input/assets/flags/bl.png":["packages/intl_phone_number_input/assets/flags/bl.png"],"packages/intl_phone_number_input/assets/flags/bm.png":["packages/intl_phone_number_input/assets/flags/bm.png"],"packages/intl_phone_number_input/assets/flags/bn.png":["packages/intl_phone_number_input/assets/flags/bn.png"],"packages/intl_phone_number_input/assets/flags/bo.png":["packages/intl_phone_number_input/assets/flags/bo.png"],"packages/intl_phone_number_input/assets/flags/bq.png":["packages/intl_phone_number_input/assets/flags/bq.png"],"packages/intl_phone_number_input/assets/flags/br.png":["packages/intl_phone_number_input/assets/flags/br.png"],"packages/intl_phone_number_input/assets/flags/bs.png":["packages/intl_phone_number_input/assets/flags/bs.png"],"packages/intl_phone_number_input/assets/flags/bt.png":["packages/intl_phone_number_input/assets/flags/bt.png"],"packages/intl_phone_number_input/assets/flags/bv.png":["packages/intl_phone_number_input/assets/flags/bv.png"],"packages/intl_phone_number_input/assets/flags/bw.png":["packages/intl_phone_number_input/assets/flags/bw.png"],"packages/intl_phone_number_input/assets/flags/by.png":["packages/intl_phone_number_input/assets/flags/by.png"],"packages/intl_phone_number_input/assets/flags/bz.png":["packages/intl_phone_number_input/assets/flags/bz.png"],"packages/intl_phone_number_input/assets/flags/ca.png":["packages/intl_phone_number_input/assets/flags/ca.png"],"packages/intl_phone_number_input/assets/flags/cc.png":["packages/intl_phone_number_input/assets/flags/cc.png"],"packages/intl_phone_number_input/assets/flags/cd.png":["packages/intl_phone_number_input/assets/flags/cd.png"],"packages/intl_phone_number_input/assets/flags/cf.png":["packages/intl_phone_number_input/assets/flags/cf.png"],"packages/intl_phone_number_input/assets/flags/cg.png":["packages/intl_phone_number_input/assets/flags/cg.png"],"packages/intl_phone_number_input/assets/flags/ch.png":["packages/intl_phone_number_input/assets/flags/ch.png"],"packages/intl_phone_number_input/assets/flags/ci.png":["packages/intl_phone_number_input/assets/flags/ci.png"],"packages/intl_phone_number_input/assets/flags/ck.png":["packages/intl_phone_number_input/assets/flags/ck.png"],"packages/intl_phone_number_input/assets/flags/cl.png":["packages/intl_phone_number_input/assets/flags/cl.png"],"packages/intl_phone_number_input/assets/flags/cm.png":["packages/intl_phone_number_input/assets/flags/cm.png"],"packages/intl_phone_number_input/assets/flags/cn.png":["packages/intl_phone_number_input/assets/flags/cn.png"],"packages/intl_phone_number_input/assets/flags/co.png":["packages/intl_phone_number_input/assets/flags/co.png"],"packages/intl_phone_number_input/assets/flags/cr.png":["packages/intl_phone_number_input/assets/flags/cr.png"],"packages/intl_phone_number_input/assets/flags/cu.png":["packages/intl_phone_number_input/assets/flags/cu.png"],"packages/intl_phone_number_input/assets/flags/cv.png":["packages/intl_phone_number_input/assets/flags/cv.png"],"packages/intl_phone_number_input/assets/flags/cw.png":["packages/intl_phone_number_input/assets/flags/cw.png"],"packages/intl_phone_number_input/assets/flags/cx.png":["packages/intl_phone_number_input/assets/flags/cx.png"],"packages/intl_phone_number_input/assets/flags/cy.png":["packages/intl_phone_number_input/assets/flags/cy.png"],"packages/intl_phone_number_input/assets/flags/cz.png":["packages/intl_phone_number_input/assets/flags/cz.png"],"packages/intl_phone_number_input/assets/flags/de.png":["packages/intl_phone_number_input/assets/flags/de.png"],"packages/intl_phone_number_input/assets/flags/dj.png":["packages/intl_phone_number_input/assets/flags/dj.png"],"packages/intl_phone_number_input/assets/flags/dk.png":["packages/intl_phone_number_input/assets/flags/dk.png"],"packages/intl_phone_number_input/assets/flags/dm.png":["packages/intl_phone_number_input/assets/flags/dm.png"],"packages/intl_phone_number_input/assets/flags/do.png":["packages/intl_phone_number_input/assets/flags/do.png"],"packages/intl_phone_number_input/assets/flags/dz.png":["packages/intl_phone_number_input/assets/flags/dz.png"],"packages/intl_phone_number_input/assets/flags/ec.png":["packages/intl_phone_number_input/assets/flags/ec.png"],"packages/intl_phone_number_input/assets/flags/ee.png":["packages/intl_phone_number_input/assets/flags/ee.png"],"packages/intl_phone_number_input/assets/flags/eg.png":["packages/intl_phone_number_input/assets/flags/eg.png"],"packages/intl_phone_number_input/assets/flags/eh.png":["packages/intl_phone_number_input/assets/flags/eh.png"],"packages/intl_phone_number_input/assets/flags/er.png":["packages/intl_phone_number_input/assets/flags/er.png"],"packages/intl_phone_number_input/assets/flags/es.png":["packages/intl_phone_number_input/assets/flags/es.png"],"packages/intl_phone_number_input/assets/flags/et.png":["packages/intl_phone_number_input/assets/flags/et.png"],"packages/intl_phone_number_input/assets/flags/eu.png":["packages/intl_phone_number_input/assets/flags/eu.png"],"packages/intl_phone_number_input/assets/flags/fi.png":["packages/intl_phone_number_input/assets/flags/fi.png"],"packages/intl_phone_number_input/assets/flags/fj.png":["packages/intl_phone_number_input/assets/flags/fj.png"],"packages/intl_phone_number_input/assets/flags/fk.png":["packages/intl_phone_number_input/assets/flags/fk.png"],"packages/intl_phone_number_input/assets/flags/fm.png":["packages/intl_phone_number_input/assets/flags/fm.png"],"packages/intl_phone_number_input/assets/flags/fo.png":["packages/intl_phone_number_input/assets/flags/fo.png"],"packages/intl_phone_number_input/assets/flags/fr.png":["packages/intl_phone_number_input/assets/flags/fr.png"],"packages/intl_phone_number_input/assets/flags/ga.png":["packages/intl_phone_number_input/assets/flags/ga.png"],"packages/intl_phone_number_input/assets/flags/gb-eng.png":["packages/intl_phone_number_input/assets/flags/gb-eng.png"],"packages/intl_phone_number_input/assets/flags/gb-nir.png":["packages/intl_phone_number_input/assets/flags/gb-nir.png"],"packages/intl_phone_number_input/assets/flags/gb-sct.png":["packages/intl_phone_number_input/assets/flags/gb-sct.png"],"packages/intl_phone_number_input/assets/flags/gb-wls.png":["packages/intl_phone_number_input/assets/flags/gb-wls.png"],"packages/intl_phone_number_input/assets/flags/gb.png":["packages/intl_phone_number_input/assets/flags/gb.png"],"packages/intl_phone_number_input/assets/flags/gd.png":["packages/intl_phone_number_input/assets/flags/gd.png"],"packages/intl_phone_number_input/assets/flags/ge.png":["packages/intl_phone_number_input/assets/flags/ge.png"],"packages/intl_phone_number_input/assets/flags/gf.png":["packages/intl_phone_number_input/assets/flags/gf.png"],"packages/intl_phone_number_input/assets/flags/gg.png":["packages/intl_phone_number_input/assets/flags/gg.png"],"packages/intl_phone_number_input/assets/flags/gh.png":["packages/intl_phone_number_input/assets/flags/gh.png"],"packages/intl_phone_number_input/assets/flags/gi.png":["packages/intl_phone_number_input/assets/flags/gi.png"],"packages/intl_phone_number_input/assets/flags/gl.png":["packages/intl_phone_number_input/assets/flags/gl.png"],"packages/intl_phone_number_input/assets/flags/gm.png":["packages/intl_phone_number_input/assets/flags/gm.png"],"packages/intl_phone_number_input/assets/flags/gn.png":["packages/intl_phone_number_input/assets/flags/gn.png"],"packages/intl_phone_number_input/assets/flags/gp.png":["packages/intl_phone_number_input/assets/flags/gp.png"],"packages/intl_phone_number_input/assets/flags/gq.png":["packages/intl_phone_number_input/assets/flags/gq.png"],"packages/intl_phone_number_input/assets/flags/gr.png":["packages/intl_phone_number_input/assets/flags/gr.png"],"packages/intl_phone_number_input/assets/flags/gs.png":["packages/intl_phone_number_input/assets/flags/gs.png"],"packages/intl_phone_number_input/assets/flags/gt.png":["packages/intl_phone_number_input/assets/flags/gt.png"],"packages/intl_phone_number_input/assets/flags/gu.png":["packages/intl_phone_number_input/assets/flags/gu.png"],"packages/intl_phone_number_input/assets/flags/gw.png":["packages/intl_phone_number_input/assets/flags/gw.png"],"packages/intl_phone_number_input/assets/flags/gy.png":["packages/intl_phone_number_input/assets/flags/gy.png"],"packages/intl_phone_number_input/assets/flags/hk.png":["packages/intl_phone_number_input/assets/flags/hk.png"],"packages/intl_phone_number_input/assets/flags/hm.png":["packages/intl_phone_number_input/assets/flags/hm.png"],"packages/intl_phone_number_input/assets/flags/hn.png":["packages/intl_phone_number_input/assets/flags/hn.png"],"packages/intl_phone_number_input/assets/flags/hr.png":["packages/intl_phone_number_input/assets/flags/hr.png"],"packages/intl_phone_number_input/assets/flags/ht.png":["packages/intl_phone_number_input/assets/flags/ht.png"],"packages/intl_phone_number_input/assets/flags/hu.png":["packages/intl_phone_number_input/assets/flags/hu.png"],"packages/intl_phone_number_input/assets/flags/id.png":["packages/intl_phone_number_input/assets/flags/id.png"],"packages/intl_phone_number_input/assets/flags/ie.png":["packages/intl_phone_number_input/assets/flags/ie.png"],"packages/intl_phone_number_input/assets/flags/il.png":["packages/intl_phone_number_input/assets/flags/il.png"],"packages/intl_phone_number_input/assets/flags/im.png":["packages/intl_phone_number_input/assets/flags/im.png"],"packages/intl_phone_number_input/assets/flags/in.png":["packages/intl_phone_number_input/assets/flags/in.png"],"packages/intl_phone_number_input/assets/flags/io.png":["packages/intl_phone_number_input/assets/flags/io.png"],"packages/intl_phone_number_input/assets/flags/iq.png":["packages/intl_phone_number_input/assets/flags/iq.png"],"packages/intl_phone_number_input/assets/flags/ir.png":["packages/intl_phone_number_input/assets/flags/ir.png"],"packages/intl_phone_number_input/assets/flags/is.png":["packages/intl_phone_number_input/assets/flags/is.png"],"packages/intl_phone_number_input/assets/flags/it.png":["packages/intl_phone_number_input/assets/flags/it.png"],"packages/intl_phone_number_input/assets/flags/je.png":["packages/intl_phone_number_input/assets/flags/je.png"],"packages/intl_phone_number_input/assets/flags/jm.png":["packages/intl_phone_number_input/assets/flags/jm.png"],"packages/intl_phone_number_input/assets/flags/jo.png":["packages/intl_phone_number_input/assets/flags/jo.png"],"packages/intl_phone_number_input/assets/flags/jp.png":["packages/intl_phone_number_input/assets/flags/jp.png"],"packages/intl_phone_number_input/assets/flags/ke.png":["packages/intl_phone_number_input/assets/flags/ke.png"],"packages/intl_phone_number_input/assets/flags/kg.png":["packages/intl_phone_number_input/assets/flags/kg.png"],"packages/intl_phone_number_input/assets/flags/kh.png":["packages/intl_phone_number_input/assets/flags/kh.png"],"packages/intl_phone_number_input/assets/flags/ki.png":["packages/intl_phone_number_input/assets/flags/ki.png"],"packages/intl_phone_number_input/assets/flags/km.png":["packages/intl_phone_number_input/assets/flags/km.png"],"packages/intl_phone_number_input/assets/flags/kn.png":["packages/intl_phone_number_input/assets/flags/kn.png"],"packages/intl_phone_number_input/assets/flags/kp.png":["packages/intl_phone_number_input/assets/flags/kp.png"],"packages/intl_phone_number_input/assets/flags/kr.png":["packages/intl_phone_number_input/assets/flags/kr.png"],"packages/intl_phone_number_input/assets/flags/kw.png":["packages/intl_phone_number_input/assets/flags/kw.png"],"packages/intl_phone_number_input/assets/flags/ky.png":["packages/intl_phone_number_input/assets/flags/ky.png"],"packages/intl_phone_number_input/assets/flags/kz.png":["packages/intl_phone_number_input/assets/flags/kz.png"],"packages/intl_phone_number_input/assets/flags/la.png":["packages/intl_phone_number_input/assets/flags/la.png"],"packages/intl_phone_number_input/assets/flags/lb.png":["packages/intl_phone_number_input/assets/flags/lb.png"],"packages/intl_phone_number_input/assets/flags/lc.png":["packages/intl_phone_number_input/assets/flags/lc.png"],"packages/intl_phone_number_input/assets/flags/li.png":["packages/intl_phone_number_input/assets/flags/li.png"],"packages/intl_phone_number_input/assets/flags/lk.png":["packages/intl_phone_number_input/assets/flags/lk.png"],"packages/intl_phone_number_input/assets/flags/lr.png":["packages/intl_phone_number_input/assets/flags/lr.png"],"packages/intl_phone_number_input/assets/flags/ls.png":["packages/intl_phone_number_input/assets/flags/ls.png"],"packages/intl_phone_number_input/assets/flags/lt.png":["packages/intl_phone_number_input/assets/flags/lt.png"],"packages/intl_phone_number_input/assets/flags/lu.png":["packages/intl_phone_number_input/assets/flags/lu.png"],"packages/intl_phone_number_input/assets/flags/lv.png":["packages/intl_phone_number_input/assets/flags/lv.png"],"packages/intl_phone_number_input/assets/flags/ly.png":["packages/intl_phone_number_input/assets/flags/ly.png"],"packages/intl_phone_number_input/assets/flags/ma.png":["packages/intl_phone_number_input/assets/flags/ma.png"],"packages/intl_phone_number_input/assets/flags/mc.png":["packages/intl_phone_number_input/assets/flags/mc.png"],"packages/intl_phone_number_input/assets/flags/md.png":["packages/intl_phone_number_input/assets/flags/md.png"],"packages/intl_phone_number_input/assets/flags/me.png":["packages/intl_phone_number_input/assets/flags/me.png"],"packages/intl_phone_number_input/assets/flags/mf.png":["packages/intl_phone_number_input/assets/flags/mf.png"],"packages/intl_phone_number_input/assets/flags/mg.png":["packages/intl_phone_number_input/assets/flags/mg.png"],"packages/intl_phone_number_input/assets/flags/mh.png":["packages/intl_phone_number_input/assets/flags/mh.png"],"packages/intl_phone_number_input/assets/flags/mk.png":["packages/intl_phone_number_input/assets/flags/mk.png"],"packages/intl_phone_number_input/assets/flags/ml.png":["packages/intl_phone_number_input/assets/flags/ml.png"],"packages/intl_phone_number_input/assets/flags/mm.png":["packages/intl_phone_number_input/assets/flags/mm.png"],"packages/intl_phone_number_input/assets/flags/mn.png":["packages/intl_phone_number_input/assets/flags/mn.png"],"packages/intl_phone_number_input/assets/flags/mo.png":["packages/intl_phone_number_input/assets/flags/mo.png"],"packages/intl_phone_number_input/assets/flags/mp.png":["packages/intl_phone_number_input/assets/flags/mp.png"],"packages/intl_phone_number_input/assets/flags/mq.png":["packages/intl_phone_number_input/assets/flags/mq.png"],"packages/intl_phone_number_input/assets/flags/mr.png":["packages/intl_phone_number_input/assets/flags/mr.png"],"packages/intl_phone_number_input/assets/flags/ms.png":["packages/intl_phone_number_input/assets/flags/ms.png"],"packages/intl_phone_number_input/assets/flags/mt.png":["packages/intl_phone_number_input/assets/flags/mt.png"],"packages/intl_phone_number_input/assets/flags/mu.png":["packages/intl_phone_number_input/assets/flags/mu.png"],"packages/intl_phone_number_input/assets/flags/mv.png":["packages/intl_phone_number_input/assets/flags/mv.png"],"packages/intl_phone_number_input/assets/flags/mw.png":["packages/intl_phone_number_input/assets/flags/mw.png"],"packages/intl_phone_number_input/assets/flags/mx.png":["packages/intl_phone_number_input/assets/flags/mx.png"],"packages/intl_phone_number_input/assets/flags/my.png":["packages/intl_phone_number_input/assets/flags/my.png"],"packages/intl_phone_number_input/assets/flags/mz.png":["packages/intl_phone_number_input/assets/flags/mz.png"],"packages/intl_phone_number_input/assets/flags/na.png":["packages/intl_phone_number_input/assets/flags/na.png"],"packages/intl_phone_number_input/assets/flags/nc.png":["packages/intl_phone_number_input/assets/flags/nc.png"],"packages/intl_phone_number_input/assets/flags/ne.png":["packages/intl_phone_number_input/assets/flags/ne.png"],"packages/intl_phone_number_input/assets/flags/nf.png":["packages/intl_phone_number_input/assets/flags/nf.png"],"packages/intl_phone_number_input/assets/flags/ng.png":["packages/intl_phone_number_input/assets/flags/ng.png"],"packages/intl_phone_number_input/assets/flags/ni.png":["packages/intl_phone_number_input/assets/flags/ni.png"],"packages/intl_phone_number_input/assets/flags/nl.png":["packages/intl_phone_number_input/assets/flags/nl.png"],"packages/intl_phone_number_input/assets/flags/no.png":["packages/intl_phone_number_input/assets/flags/no.png"],"packages/intl_phone_number_input/assets/flags/np.png":["packages/intl_phone_number_input/assets/flags/np.png"],"packages/intl_phone_number_input/assets/flags/nr.png":["packages/intl_phone_number_input/assets/flags/nr.png"],"packages/intl_phone_number_input/assets/flags/nu.png":["packages/intl_phone_number_input/assets/flags/nu.png"],"packages/intl_phone_number_input/assets/flags/nz.png":["packages/intl_phone_number_input/assets/flags/nz.png"],"packages/intl_phone_number_input/assets/flags/om.png":["packages/intl_phone_number_input/assets/flags/om.png"],"packages/intl_phone_number_input/assets/flags/pa.png":["packages/intl_phone_number_input/assets/flags/pa.png"],"packages/intl_phone_number_input/assets/flags/pe.png":["packages/intl_phone_number_input/assets/flags/pe.png"],"packages/intl_phone_number_input/assets/flags/pf.png":["packages/intl_phone_number_input/assets/flags/pf.png"],"packages/intl_phone_number_input/assets/flags/pg.png":["packages/intl_phone_number_input/assets/flags/pg.png"],"packages/intl_phone_number_input/assets/flags/ph.png":["packages/intl_phone_number_input/assets/flags/ph.png"],"packages/intl_phone_number_input/assets/flags/pk.png":["packages/intl_phone_number_input/assets/flags/pk.png"],"packages/intl_phone_number_input/assets/flags/pl.png":["packages/intl_phone_number_input/assets/flags/pl.png"],"packages/intl_phone_number_input/assets/flags/pm.png":["packages/intl_phone_number_input/assets/flags/pm.png"],"packages/intl_phone_number_input/assets/flags/pn.png":["packages/intl_phone_number_input/assets/flags/pn.png"],"packages/intl_phone_number_input/assets/flags/pr.png":["packages/intl_phone_number_input/assets/flags/pr.png"],"packages/intl_phone_number_input/assets/flags/ps.png":["packages/intl_phone_number_input/assets/flags/ps.png"],"packages/intl_phone_number_input/assets/flags/pt.png":["packages/intl_phone_number_input/assets/flags/pt.png"],"packages/intl_phone_number_input/assets/flags/pw.png":["packages/intl_phone_number_input/assets/flags/pw.png"],"packages/intl_phone_number_input/assets/flags/py.png":["packages/intl_phone_number_input/assets/flags/py.png"],"packages/intl_phone_number_input/assets/flags/qa.png":["packages/intl_phone_number_input/assets/flags/qa.png"],"packages/intl_phone_number_input/assets/flags/re.png":["packages/intl_phone_number_input/assets/flags/re.png"],"packages/intl_phone_number_input/assets/flags/ro.png":["packages/intl_phone_number_input/assets/flags/ro.png"],"packages/intl_phone_number_input/assets/flags/rs.png":["packages/intl_phone_number_input/assets/flags/rs.png"],"packages/intl_phone_number_input/assets/flags/ru.png":["packages/intl_phone_number_input/assets/flags/ru.png"],"packages/intl_phone_number_input/assets/flags/rw.png":["packages/intl_phone_number_input/assets/flags/rw.png"],"packages/intl_phone_number_input/assets/flags/sa.png":["packages/intl_phone_number_input/assets/flags/sa.png"],"packages/intl_phone_number_input/assets/flags/sb.png":["packages/intl_phone_number_input/assets/flags/sb.png"],"packages/intl_phone_number_input/assets/flags/sc.png":["packages/intl_phone_number_input/assets/flags/sc.png"],"packages/intl_phone_number_input/assets/flags/sd.png":["packages/intl_phone_number_input/assets/flags/sd.png"],"packages/intl_phone_number_input/assets/flags/se.png":["packages/intl_phone_number_input/assets/flags/se.png"],"packages/intl_phone_number_input/assets/flags/sg.png":["packages/intl_phone_number_input/assets/flags/sg.png"],"packages/intl_phone_number_input/assets/flags/sh.png":["packages/intl_phone_number_input/assets/flags/sh.png"],"packages/intl_phone_number_input/assets/flags/si.png":["packages/intl_phone_number_input/assets/flags/si.png"],"packages/intl_phone_number_input/assets/flags/sj.png":["packages/intl_phone_number_input/assets/flags/sj.png"],"packages/intl_phone_number_input/assets/flags/sk.png":["packages/intl_phone_number_input/assets/flags/sk.png"],"packages/intl_phone_number_input/assets/flags/sl.png":["packages/intl_phone_number_input/assets/flags/sl.png"],"packages/intl_phone_number_input/assets/flags/sm.png":["packages/intl_phone_number_input/assets/flags/sm.png"],"packages/intl_phone_number_input/assets/flags/sn.png":["packages/intl_phone_number_input/assets/flags/sn.png"],"packages/intl_phone_number_input/assets/flags/so.png":["packages/intl_phone_number_input/assets/flags/so.png"],"packages/intl_phone_number_input/assets/flags/sr.png":["packages/intl_phone_number_input/assets/flags/sr.png"],"packages/intl_phone_number_input/assets/flags/ss.png":["packages/intl_phone_number_input/assets/flags/ss.png"],"packages/intl_phone_number_input/assets/flags/st.png":["packages/intl_phone_number_input/assets/flags/st.png"],"packages/intl_phone_number_input/assets/flags/sv.png":["packages/intl_phone_number_input/assets/flags/sv.png"],"packages/intl_phone_number_input/assets/flags/sx.png":["packages/intl_phone_number_input/assets/flags/sx.png"],"packages/intl_phone_number_input/assets/flags/sy.png":["packages/intl_phone_number_input/assets/flags/sy.png"],"packages/intl_phone_number_input/assets/flags/sz.png":["packages/intl_phone_number_input/assets/flags/sz.png"],"packages/intl_phone_number_input/assets/flags/tc.png":["packages/intl_phone_number_input/assets/flags/tc.png"],"packages/intl_phone_number_input/assets/flags/td.png":["packages/intl_phone_number_input/assets/flags/td.png"],"packages/intl_phone_number_input/assets/flags/tf.png":["packages/intl_phone_number_input/assets/flags/tf.png"],"packages/intl_phone_number_input/assets/flags/tg.png":["packages/intl_phone_number_input/assets/flags/tg.png"],"packages/intl_phone_number_input/assets/flags/th.png":["packages/intl_phone_number_input/assets/flags/th.png"],"packages/intl_phone_number_input/assets/flags/tj.png":["packages/intl_phone_number_input/assets/flags/tj.png"],"packages/intl_phone_number_input/assets/flags/tk.png":["packages/intl_phone_number_input/assets/flags/tk.png"],"packages/intl_phone_number_input/assets/flags/tl.png":["packages/intl_phone_number_input/assets/flags/tl.png"],"packages/intl_phone_number_input/assets/flags/tm.png":["packages/intl_phone_number_input/assets/flags/tm.png"],"packages/intl_phone_number_input/assets/flags/tn.png":["packages/intl_phone_number_input/assets/flags/tn.png"],"packages/intl_phone_number_input/assets/flags/to.png":["packages/intl_phone_number_input/assets/flags/to.png"],"packages/intl_phone_number_input/assets/flags/tr.png":["packages/intl_phone_number_input/assets/flags/tr.png"],"packages/intl_phone_number_input/assets/flags/tt.png":["packages/intl_phone_number_input/assets/flags/tt.png"],"packages/intl_phone_number_input/assets/flags/tv.png":["packages/intl_phone_number_input/assets/flags/tv.png"],"packages/intl_phone_number_input/assets/flags/tw.png":["packages/intl_phone_number_input/assets/flags/tw.png"],"packages/intl_phone_number_input/assets/flags/tz.png":["packages/intl_phone_number_input/assets/flags/tz.png"],"packages/intl_phone_number_input/assets/flags/ua.png":["packages/intl_phone_number_input/assets/flags/ua.png"],"packages/intl_phone_number_input/assets/flags/ug.png":["packages/intl_phone_number_input/assets/flags/ug.png"],"packages/intl_phone_number_input/assets/flags/um.png":["packages/intl_phone_number_input/assets/flags/um.png"],"packages/intl_phone_number_input/assets/flags/us.png":["packages/intl_phone_number_input/assets/flags/us.png"],"packages/intl_phone_number_input/assets/flags/uy.png":["packages/intl_phone_number_input/assets/flags/uy.png"],"packages/intl_phone_number_input/assets/flags/uz.png":["packages/intl_phone_number_input/assets/flags/uz.png"],"packages/intl_phone_number_input/assets/flags/va.png":["packages/intl_phone_number_input/assets/flags/va.png"],"packages/intl_phone_number_input/assets/flags/vc.png":["packages/intl_phone_number_input/assets/flags/vc.png"],"packages/intl_phone_number_input/assets/flags/ve.png":["packages/intl_phone_number_input/assets/flags/ve.png"],"packages/intl_phone_number_input/assets/flags/vg.png":["packages/intl_phone_number_input/assets/flags/vg.png"],"packages/intl_phone_number_input/assets/flags/vi.png":["packages/intl_phone_number_input/assets/flags/vi.png"],"packages/intl_phone_number_input/assets/flags/vn.png":["packages/intl_phone_number_input/assets/flags/vn.png"],"packages/intl_phone_number_input/assets/flags/vu.png":["packages/intl_phone_number_input/assets/flags/vu.png"],"packages/intl_phone_number_input/assets/flags/wf.png":["packages/intl_phone_number_input/assets/flags/wf.png"],"packages/intl_phone_number_input/assets/flags/ws.png":["packages/intl_phone_number_input/assets/flags/ws.png"],"packages/intl_phone_number_input/assets/flags/xk.png":["packages/intl_phone_number_input/assets/flags/xk.png"],"packages/intl_phone_number_input/assets/flags/ye.png":["packages/intl_phone_number_input/assets/flags/ye.png"],"packages/intl_phone_number_input/assets/flags/yt.png":["packages/intl_phone_number_input/assets/flags/yt.png"],"packages/intl_phone_number_input/assets/flags/za.png":["packages/intl_phone_number_input/assets/flags/za.png"],"packages/intl_phone_number_input/assets/flags/zm.png":["packages/intl_phone_number_input/assets/flags/zm.png"],"packages/intl_phone_number_input/assets/flags/zw.png":["packages/intl_phone_number_input/assets/flags/zw.png"],"packages/libphonenumber_plugin/assets/js/libphonenumber.js":["packages/libphonenumber_plugin/assets/js/libphonenumber.js"],"packages/libphonenumber_plugin/assets/js/stringbuffer.js":["packages/libphonenumber_plugin/assets/js/stringbuffer.js"],"packages/libphonenumber_plugin/js/libphonenumber.js":["packages/libphonenumber_plugin/js/libphonenumber.js"],"packages/libphonenumber_plugin/js/stringbuffer.js":["packages/libphonenumber_plugin/js/stringbuffer.js"]}