{"v":"5.5.7","meta":{"g":"LottieFiles AE ","a":"","k":"","d":"","tc":""},"fr":25,"ip":0,"op":30,"w":1080,"h":1080,"nm":"HandGestures","ddd":0,"assets":[],"layers":[{"ddd":0,"ind":1,"ty":4,"nm":"Arrow 3","sr":1,"ks":{"o":{"a":0,"k":100,"ix":11},"r":{"a":0,"k":0,"ix":10},"p":{"a":0,"k":[358,213.941,0],"ix":2},"a":{"a":0,"k":[-182,-326.059,0],"ix":1},"s":{"a":0,"k":[100,100,100],"ix":6}},"ao":0,"shapes":[{"ty":"gr","it":[{"ind":0,"ty":"sh","ix":1,"ks":{"a":0,"k":{"i":[[0,0],[-244,-56]],"o":[[0,0],[257.024,58.989]],"v":[[-182,-309],[212,-321]],"c":false},"ix":2},"nm":"Path 1","mn":"ADBE Vector Shape - Group","hd":false},{"ty":"st","c":{"a":0,"k":[0.611764705882353,0.4627450980392157,0.9686274509803922,1],"ix":3},"o":{"a":0,"k":100,"ix":4},"w":{"a":0,"k":29,"ix":5},"lc":2,"lj":1,"ml":4,"bm":0,"nm":"Stroke 1","mn":"ADBE Vector Graphic - Stroke","hd":false},{"ty":"tr","p":{"a":0,"k":[0,0],"ix":2},"a":{"a":0,"k":[0,0],"ix":1},"s":{"a":0,"k":[100,100],"ix":3},"r":{"a":0,"k":0,"ix":6},"o":{"a":0,"k":100,"ix":7},"sk":{"a":0,"k":0,"ix":4},"sa":{"a":0,"k":0,"ix":5},"nm":"Transform"}],"nm":"Shape 1","np":3,"cix":2,"bm":0,"ix":1,"mn":"ADBE Vector Group","hd":false},{"ty":"tm","s":{"a":1,"k":[{"i":{"x":[0.667],"y":[1]},"o":{"x":[0.167],"y":[0]},"t":4,"s":[100]},{"t":10,"s":[0]}],"ix":1},"e":{"a":1,"k":[{"i":{"x":[0.667],"y":[1]},"o":{"x":[0.333],"y":[0]},"t":10,"s":[100]},{"t":16,"s":[0]}],"ix":2},"o":{"a":0,"k":0,"ix":3},"m":1,"ix":2,"nm":"Trim Paths 1","mn":"ADBE Vector Filter - Trim","hd":false}],"ip":0,"op":30,"st":0,"bm":0},{"ddd":0,"ind":2,"ty":4,"nm":"Arrow 2","sr":1,"ks":{"o":{"a":0,"k":100,"ix":11},"r":{"a":0,"k":148,"ix":10},"p":{"a":0,"k":[375.656,224.224,0],"ix":2},"a":{"a":0,"k":[211.877,25.189,0],"ix":1},"s":{"a":1,"k":[{"i":{"x":[0.667,0.667,0.667],"y":[1,1,1]},"o":{"x":[0.333,0.333,0.333],"y":[0,0,0]},"t":7,"s":[0,0,100]},{"i":{"x":[0.667,0.667,0.667],"y":[1,1,1]},"o":{"x":[0.167,0.167,0.167],"y":[0,0,0]},"t":12,"s":[200,200,100]},{"i":{"x":[0.667,0.667,0.667],"y":[1,1,1]},"o":{"x":[0.333,0.333,0.333],"y":[0,0,0]},"t":16,"s":[200,200,100]},{"t":18,"s":[0,0,100]}],"ix":6}},"ao":0,"shapes":[{"ty":"gr","it":[{"ind":0,"ty":"sh","ix":1,"ks":{"a":0,"k":{"i":[[1.495,2.563],[6.014,8.485],[2.342,-0.248],[0.461,-1.993],[1.138,-4.939],[1.254,-6.605],[0.885,-3.84],[-1.7,-1.209],[-1.794,1.041],[-9.081,4.188]],"o":[[-5.106,-8.727],[-1.29,-1.82],[-2.346,0.249],[-1.136,4.938],[-1.524,6.812],[-0.884,3.841],[-0.458,1.999],[1.698,1.209],[8.366,-4.854],[2.66,-1.223]],"v":[[110.146,3.457],[93.464,-22.382],[88.4,-24.754],[84.742,-20.801],[81.333,-5.986],[78.305,7.181],[75.654,18.702],[76.871,23.793],[81.779,23.866],[107.961,10.283]],"c":true},"ix":2},"nm":"Path 1","mn":"ADBE Vector Shape - Group","hd":false},{"ty":"fl","c":{"a":0,"k":[0.611764705882353,0.4627450980392157,0.9686274509803922,1],"ix":4},"o":{"a":0,"k":100,"ix":5},"r":1,"bm":0,"nm":"Fill 1","mn":"ADBE Vector Graphic - Fill","hd":false},{"ty":"tr","p":{"a":0,"k":[136.49,25.251],"ix":2},"a":{"a":0,"k":[0,0],"ix":1},"s":{"a":0,"k":[100,100],"ix":3},"r":{"a":0,"k":0,"ix":6},"o":{"a":0,"k":100,"ix":7},"sk":{"a":0,"k":0,"ix":4},"sa":{"a":0,"k":0,"ix":5},"nm":"Transform"}],"nm":"Group 1","np":2,"cix":2,"bm":0,"ix":1,"mn":"ADBE Vector Group","hd":false}],"ip":0,"op":30,"st":0,"bm":0},{"ddd":0,"ind":3,"ty":4,"nm":"Swipe Left","sr":1,"ks":{"o":{"a":0,"k":100,"ix":11},"r":{"a":1,"k":[{"i":{"x":[0.667],"y":[1]},"o":{"x":[0.333],"y":[0]},"t":0,"s":[19]},{"i":{"x":[0.667],"y":[1]},"o":{"x":[0.333],"y":[0]},"t":10,"s":[0]},{"i":{"x":[0.667],"y":[1]},"o":{"x":[0.333],"y":[0]},"t":20,"s":[0]},{"t":30,"s":[19]}],"ix":10},"p":{"a":0,"k":[703.934,831.105,0],"ix":2},"a":{"a":0,"k":[304.352,305.631,0],"ix":1},"s":{"a":0,"k":[200,200,100],"ix":6}},"ao":0,"shapes":[{"ty":"gr","it":[{"ind":0,"ty":"sh","ix":1,"ks":{"a":0,"k":{"i":[[2.013,-17.492],[34.727,-12.642],[9.567,0],[0,0],[20.459,9.608],[0,0],[0.478,0.248],[1.597,4.418],[-1.989,4.267],[-6.802,0],[-2.26,-1.055],[0,0],[-1.547,1.389],[0.715,1.947],[0,0],[-8.815,3.207],[-1.34,0],[-2.51,-6.896],[0,0],[-2.616,0.958],[0.96,2.631],[0,0],[-6.376,2.322],[-1.571,0],[-1.936,-5.32],[0,0],[0,0],[-2.616,0.956],[0.957,2.629],[0,0],[-6.898,2.511],[-1.573,0],[-1.939,-5.322],[0,0],[0,0],[-2.641,0.962],[0.957,2.629],[0,0],[-2.239,0.814],[-1.438,0],[-1.327,-3.644]],"o":[[-2.64,22.93],[-10.282,3.742],[0,0],[-20.357,-0.002],[0,0],[-31.952,-14.9],[-4.249,-1.983],[-1.596,-4.418],[2.906,-6.233],[2.563,0],[0,0],[1.857,0.922],[1.544,-1.384],[0,0],[-2.395,-6.591],[1.454,-0.529],[5.109,0],[0,0],[0.96,2.63],[2.632,-0.959],[0,0],[-3.814,-10.479],[1.495,-0.544],[5.66,0],[0,0],[0,0],[0.96,2.631],[2.629,-0.959],[0,0],[-2.404,-6.933],[1.494,-0.544],[5.657,0],[0,0],[0,0],[0.957,2.629],[2.629,-0.957],[0,0],[1.564,-1.624],[1.254,-0.457],[4.836,0],[7.757,21.318]],"v":[[99.73,55.448],[57.353,111.03],[27.855,116.592],[27.852,116.592],[-30.633,98.684],[-35.895,96.22],[-91.38,68.757],[-100.446,58.834],[-99.839,45.367],[-84.1,35.262],[-76.773,36.878],[-40.232,55.005],[-34.598,54.237],[-33.222,48.721],[-86.696,-97.162],[-79.95,-115.794],[-75.737,-116.592],[-63.572,-105.579],[-31.22,-16.699],[-24.728,-13.672],[-21.7,-20.167],[-26.321,-32.865],[-15.65,-52.925],[-11.031,-53.745],[1.672,-44.85],[7.97,-27.539],[8.026,-27.389],[14.518,-24.36],[17.546,-30.854],[14.587,-38.992],[22.732,-56.11],[27.354,-56.928],[40.054,-48.032],[47.46,-27.683],[47.559,-27.404],[54.054,-24.376],[57.083,-30.871],[52.672,-42.99],[59.764,-48.019],[63.822,-48.706],[74.287,-42.519]],"c":true},"ix":2},"nm":"Path 1","mn":"ADBE Vector Shape - Group","hd":false},{"ind":1,"ty":"sh","ix":2,"ks":{"a":0,"k":{"i":[[1.175,3.22],[9.158,0],[2.368,-0.862],[2.53,-1.986],[9.299,0],[2.609,-0.948],[2.691,-4.558],[7.082,0],[2.61,-0.949],[3.401,-4.962],[0,0],[9.553,0],[2.567,-0.936],[-5.025,-13.807],[0,0],[0,0],[4.054,0],[4.52,-9.694],[-2.517,-6.958],[-6.462,-3.003],[-32.226,-15.025],[0,0],[-22.62,-0.002],[0,0],[-11.41,4.154],[-2.804,24.355]],"o":[[-2.794,-7.69],[-2.622,0],[-2.2,0.8],[-3.8,-8.38],[-2.758,0],[-5.314,1.936],[-4.414,-5.224],[-2.755,0],[-5.555,2.023],[0,0],[-4.028,-11.072],[-2.528,0],[-12.439,4.525],[0,0],[0,0],[-3.725,-1.736],[-10.623,0],[-3.13,6.712],[2.517,6.971],[0.231,0.124],[0,0],[20.66,9.704],[0,0],[10.768,0],[40.087,-14.591],[2.695,-23.43]],"v":[[83.806,-45.985],[63.822,-58.841],[56.301,-57.542],[48.895,-53.167],[27.354,-67.063],[19.268,-65.633],[7.05,-55.457],[-11.031,-63.878],[-19.117,-62.448],[-33.17,-51.68],[-54.051,-109.045],[-75.737,-126.725],[-83.414,-125.316],[-96.213,-93.686],[-47.11,40.28],[-72.376,27.747],[-84.1,25.13],[-109.023,41.085],[-109.976,62.28],[-95.913,77.815],[-40.176,105.403],[-34.941,107.856],[27.852,126.725],[27.855,126.725],[60.817,120.553],[109.798,56.606]],"c":true},"ix":2},"nm":"Path 2","mn":"ADBE Vector Shape - Group","hd":false},{"ty":"mm","mm":1,"nm":"Merge Paths 1","mn":"ADBE Vector Filter - Merge","hd":false},{"ty":"fl","c":{"a":0,"k":[0.611764705882353,0.4627450980392157,0.9686274509803922,1],"ix":4},"o":{"a":0,"k":100,"ix":5},"r":1,"bm":0,"nm":"Fill 1","mn":"ADBE Vector Graphic - Fill","hd":false},{"ty":"tr","p":{"a":0,"k":[194.369,178.905],"ix":2},"a":{"a":0,"k":[0,0],"ix":1},"s":{"a":0,"k":[100,100],"ix":3},"r":{"a":0,"k":0,"ix":6},"o":{"a":0,"k":100,"ix":7},"sk":{"a":0,"k":0,"ix":4},"sa":{"a":0,"k":0,"ix":5},"nm":"Transform"}],"nm":"Group 2","np":4,"cix":2,"bm":0,"ix":1,"mn":"ADBE Vector Group","hd":false}],"ip":0,"op":30,"st":0,"bm":0}],"markers":[]}